pgt_composer_id,total_gross_royalti,management_fee_percent,management_fee,gross_royalti,pph23_percent,pph23,total_net_royalti
PPP073122,361629.2543,30,108488.7763,253140.478,2,7232.585085,245907.8929
PPP073122,173152.3337,30,51945.7001,121206.6336,2,3463.046673,"117743.58689797"""
PPP073122,54.20779294,30,16.26233787,37.94545507,2,1.08415587,"36.8612992"""
